id,Nombre,Apellido,Email,gender,Ciudad
1,"Wallaby, tammar",Oyondu,ajoss0@google.com.au,Female,Xin’an
2,"Shelduck, european",Trupe,psmiths1@si.edu,Female,Lajeosa
3,"Constrictor, eastern boa",Zoonder,bgarratty2@netlog.com,Female,Stockholm
4,"Anteater, giant",Muxo,gmaly3@youku.com,Male,San José de Comayagua
5,"Goldeneye, common",Thoughtstorm,rbere4@huffingtonpost.com,Female,Trakai
6,"Gull, herring",Brightdog,lrubinek5@state.gov,Female,Gerdu
7,Blue-footed booby,Skiptube,ibosanko6@google.es,Female,Royan
8,Black-necked stork,Shufflester,gmilbourn7@ted.com,Male,Venustiano Carranza
9,"Macaw, blue and yellow",Youopia,ryelden8@trellian.com,Male,Al Khafjī
10,Black and white colobus,Tagtune,dcroxford9@flickr.com,Male,Cambita Garabitos
11,"Cat, european wild",Devcast,mmitchelsona@jigsy.com,Male,Emmen
12,"Tern, white-winged black",Babbleopia,dhestropb@clickbank.net,Female,Zyuzino
13,"Booby, masked",Voonix,bcollocottc@bbb.org,Female,Rasshevatskaya
14,Canadian river otter,Eamia,rpanasd@illinois.edu,Male,Pikalëvo
15,Levaillant's barbet,Devify,kwandreye@noaa.gov,Male,Ngrayun
16,"Teal, hottentot",Eayo,ddmisekf@harvard.edu,Male,Boulogne-Billancourt
17,"Dolphin, striped",Blogpad,parundaleg@admin.ch,Female,Madolenihm Municipality Government
18,"Squirrel, african bush",Ntags,bgirodiash@google.com.au,Female,Srostki
19,"Siskin, yellow-rumped",Rhyzio,dtwizelli@arstechnica.com,Male,Pingyi
20,Yellow mongoose,Dabshots,dtripletj@usnews.com,Female,Telgawah
